[{"bill_date":"07-11-2022 18:59","bill_no":"3001","barcodeno":"8.90531E+12","articleno":"MFT-32349-P","category":"MENS","brand":"MUFTI","sub_category":"JEANS","color":"59-BLUE MID","size":"34","mrp":"3499","dprate":"2190.37","qty":"1","tax(%)":"12","tax(rs)":"262.84"},{"bill_date":"07-11-2022 18:59","bill_no":"3001","barcodeno":"8.90531E+12","articleno":"MFT-32236-P","category":"MENS","brand":"MUFTI","sub_category":"JEANS","color":"61-BLUE DARK","size":"34","mrp":"3399","dprate":"2127.77","qty":"1","tax(%)":"12","tax(rs)":"255.32"},{"bill_date":"07-11-2022 18:59","bill_no":"3001","barcodeno":"8.90531E+12","articleno":"MFT-28432-P","category":"MENS","brand":"MUFTI","sub_category":"JEANS","color":"61-BLUE DARK","size":"34","mrp":"4199","dprate":"2628.57","qty":"1","tax(%)":"12","tax(rs)":"315.44"},{"bill_date":"07-11-2022 18:59","bill_no":"3001","barcodeno":"8.90531E+12","articleno":"MFT-28434-P","category":"MENS","brand":"MUFTI","sub_category":"JEANS","color":"134-BLUE BLACK","size":"32","mrp":"4299","dprate":"2691.17","qty":"1","tax(%)":"12","tax(rs)":"322.94"},{"bill_date":"07-11-2022 18:59","bill_no":"3001","barcodeno":"8.90531E+12","articleno":"MFT-32351-P","category":"MENS","brand":"MUFTI","sub_category":"JEANS","color":"61-BLUE DARK","size":"34","mrp":"3499","dprate":"2190.37","qty":"1","tax(%)":"12","tax(rs)":"262.84"},{"bill_date":"07-11-2022 18:59","bill_no":"3001","barcodeno":"8.90531E+12","articleno":"MFT-28435-P","category":"MENS","brand":"MUFTI","sub_category":"JEANS","color":"76-BLACK STONE","size":"32","mrp":"4299","dprate":"2691.17","qty":"1","tax(%)":"12","tax(rs)":"322.94"},{"bill_date":"07-11-2022 18:59","bill_no":"3001","barcodeno":"8.90531E+12","articleno":"MFT-28436-P","category":"MENS","brand":"MUFTI","sub_category":"JEANS","color":"140-GREY STONE","size":"32","mrp":"4299","dprate":"2691.17","qty":"1","tax(%)":"12","tax(rs)":"322.94"},{"bill_date":"07-11-2022 18:59","bill_no":"3001","barcodeno":"8.90531E+12","articleno":"MFT-32236-P","category":"MENS","brand":"MUFTI","sub_category":"JEANS","color":"61-BLUE DARK","size":"32","mrp":"3399","dprate":"2127.77","qty":"1","tax(%)":"12","tax(rs)":"255.32"},{"bill_date":"07-11-2022 18:59","bill_no":"3001","barcodeno":"8.90531E+12","articleno":"MFT-28434-P","category":"MENS","brand":"MUFTI","sub_category":"JEANS","color":"134-BLUE BLACK","size":"34","mrp":"4299","dprate":"2691.17","qty":"1","tax(%)":"12","tax(rs)":"322.94"},{"bill_date":"07-11-2022 18:59","bill_no":"3001","barcodeno":"8.90531E+12","articleno":"MFT-28432-P","category":"MENS","brand":"MUFTI","sub_category":"JEANS","color":"61-BLUE DARK","size":"32","mrp":"4199","dprate":"2628.57","qty":"1","tax(%)":"12","tax(rs)":"315.44"},{"bill_date":"07-11-2022 18:59","bill_no":"3001","barcodeno":"8.90531E+12","articleno":"MFT-32351-P","category":"MENS","brand":"MUFTI","sub_category":"JEANS","color":"61-BLUE DARK","size":"32","mrp":"3499","dprate":"2190.37","qty":"1","tax(%)":"12","tax(rs)":"262.84"},{"bill_date":"07-11-2022 18:59","bill_no":"3001","barcodeno":"8.90531E+12","articleno":"MFT-28435-P","category":"MENS","brand":"MUFTI","sub_category":"JEANS","color":"76-BLACK STONE","size":"34","mrp":"4299","dprate":"2691.17","qty":"1","tax(%)":"12","tax(rs)":"322.94"},{"bill_date":"07-11-2022 18:59","bill_no":"3001","barcodeno":"8.90531E+12","articleno":"MFT-28433-P","category":"MENS","brand":"MUFTI","sub_category":"JEANS","color":"61-BLUE DARK","size":"32","mrp":"4299","dprate":"2691.17","qty":"1","tax(%)":"12","tax(rs)":"322.94"},{"bill_date":"07-11-2022 18:59","bill_no":"3001","barcodeno":"8.90531E+12","articleno":"MFT-32232-P","category":"MENS","brand":"MUFTI","sub_category":"JEANS","color":"61-BLUE DARK","size":"32","mrp":"3399","dprate":"2127.77","qty":"1","tax(%)":"12","tax(rs)":"255.32"},{"bill_date":"07-11-2022 18:59","bill_no":"3001","barcodeno":"8.90531E+12","articleno":"MFT-32237-P","category":"MENS","brand":"MUFTI","sub_category":"JEANS","color":"76-BLACK STONE","size":"34","mrp":"3499","dprate":"2190.37","qty":"1","tax(%)":"12","tax(rs)":"262.84"},{"bill_date":"07-11-2022 18:59","bill_no":"3001","barcodeno":"8.90531E+12","articleno":"MFT-28436-P","category":"MENS","brand":"MUFTI","sub_category":"JEANS","color":"140-GREY STONE","size":"34","mrp":"4299","dprate":"2691.17","qty":"1","tax(%)":"12","tax(rs)":"322.94"},{"bill_date":"07-11-2022 18:59","bill_no":"3001","barcodeno":"8.90531E+12","articleno":"MFT-32237-P","category":"MENS","brand":"MUFTI","sub_category":"JEANS","color":"76-BLACK STONE","size":"32","mrp":"3499","dprate":"2190.37","qty":"1","tax(%)":"12","tax(rs)":"262.84"},{"bill_date":"07-11-2022 18:59","bill_no":"3001","barcodeno":"8.90531E+12","articleno":"MFK-9124-P","category":"MENS","brand":"MUFTI","sub_category":"SWEAT SHIRT","color":"02-WHITE","size":"  3XL","mrp":"3599","dprate":"2252.97","qty":"1","tax(%)":"12","tax(rs)":"270.36"},{"bill_date":"07-11-2022 18:59","bill_no":"3001","barcodeno":"8.90531E+12","articleno":"MFK-9124-P","category":"MENS","brand":"MUFTI","sub_category":"SWEAT SHIRT","color":"02-WHITE","size":"   XL","mrp":"3399","dprate":"2127.77","qty":"1","tax(%)":"12","tax(rs)":"255.32"},{"bill_date":"07-11-2022 18:59","bill_no":"3001","barcodeno":"8.90531E+12","articleno":"MFK-9124-P","category":"MENS","brand":"MUFTI","sub_category":"SWEAT SHIRT","color":"02-WHITE","size":"   L","mrp":"3399","dprate":"2127.77","qty":"1","tax(%)":"12","tax(rs)":"255.32"},{"bill_date":"07-11-2022 18:59","bill_no":"3001","barcodeno":"8.90531E+12","articleno":"MFK-9124-P","category":"MENS","brand":"MUFTI","sub_category":"SWEAT SHIRT","color":"02-WHITE","size":"    M","mrp":"3399","dprate":"2127.77","qty":"1","tax(%)":"12","tax(rs)":"255.32"},{"bill_date":"07-11-2022 18:59","bill_no":"3001","barcodeno":"8.90531E+12","articleno":"MFK-9124-P","category":"MENS","brand":"MUFTI","sub_category":"SWEAT SHIRT","color":"02-WHITE","size":"   XXL","mrp":"3399","dprate":"2127.77","qty":"1","tax(%)":"12","tax(rs)":"255.32"},{"bill_date":"07-11-2022 18:59","bill_no":"3001","barcodeno":"8.90531E+12","articleno":"MFJ-1064-P","category":"MENS","brand":"MUFTI","sub_category":"JACKET","color":"17-OLIVE","size":"   XXL","mrp":"5899","dprate":"3692.77","qty":"1","tax(%)":"12","tax(rs)":"443.12"},{"bill_date":"07-11-2022 18:59","bill_no":"3001","barcodeno":"8.90531E+12","articleno":"MFJ-1064-P","category":"MENS","brand":"MUFTI","sub_category":"JACKET","color":"17-OLIVE","size":"    M","mrp":"5899","dprate":"3692.77","qty":"1","tax(%)":"12","tax(rs)":"443.12"},{"bill_date":"07-11-2022 18:59","bill_no":"3001","barcodeno":"8.90531E+12","articleno":"MFJ-1064-P","category":"MENS","brand":"MUFTI","sub_category":"JACKET","color":"17-OLIVE","size":"  3XL","mrp":"6099","dprate":"3817.97","qty":"1","tax(%)":"12","tax(rs)":"458.16"},{"bill_date":"07-11-2022 18:59","bill_no":"3001","barcodeno":"8.90531E+12","articleno":"MFJ-1064-P","category":"MENS","brand":"MUFTI","sub_category":"JACKET","color":"17-OLIVE","size":"   L","mrp":"5899","dprate":"3692.77","qty":"1","tax(%)":"12","tax(rs)":"443.12"},{"bill_date":"07-11-2022 18:59","bill_no":"3001","barcodeno":"8.90531E+12","articleno":"MFJ-1064-P","category":"MENS","brand":"MUFTI","sub_category":"JACKET","color":"17-OLIVE","size":"   XL","mrp":"5899","dprate":"3692.77","qty":"1","tax(%)":"12","tax(rs)":"443.12"},{"bill_date":"","bill_no":"","barcodeno":"","articleno":"","category":"","brand":"","sub_category":"","color":"","size":"","mrp":"","dprate":"","qty":"","tax(%)":"","tax(rs)":""}]