[{"bill_no":"1595","barcode":"80000001010323    ","style_no":"AUCKLAND-RN","category":"MENSS","brand":"NOSTRUM","sub_category":"SWEATSHIRT","color":"L.GREY","size":"XL","mrp":"1599","dprate":"1599","sale_rate":"991.38","qty":"1","tax(%)":"5","tax(rs)":"47.08"},{"bill_no":"1595","barcode":"80000001010322    ","style_no":"AUCKLAND-RN","category":"MENS","brand":"NOSTRUM","sub_category":"SWEATSHIRT","color":"L.GREY","size":"L","mrp":"1599","dprate":"1599","sale_rate":"991.38","qty":"1","tax(%)":"5","tax(rs)":"47.08"},{"bill_no":"1595","barcode":"80000001010321    ","style_no":"AUCKLAND-RN","category":"MENS","brand":"NOSTRUM","sub_category":"SWEATSHIRT","color":"L.GREY","size":"M","mrp":"1599","dprate":"1599","sale_rate":"991.38","qty":"1","tax(%)":"5","tax(rs)":"47.08"},{"bill_no":"1595","barcode":"80000001009771    ","style_no":"ATHENA-RN","category":"MENS","brand":"NOSTRUM","sub_category":"SWEATSHIRT","color":"PEACH","size":"M","mrp":"1499","dprate":"1499","sale_rate":"929.38","qty":"1","tax(%)":"5","tax(rs)":"44.16"},{"bill_no":"1595","barcode":"80000001007412    ","style_no":"BREVIS-RN","category":"MENS","brand":"NOSTRUM","sub_category":"SWEATSHIRT","color":"D.GREY","size":"3XL","mrp":"1899","dprate":"1899","sale_rate":"1177.38","qty":"1","tax(%)":"12","tax(rs)":"134.22"},{"bill_no":"1595","barcode":"80000001007313    ","style_no":"NEUTRON-RN","category":"MENS","brand":"NOSTRUM","sub_category":"SWEATSHIRT","color":"BEIGE","size":"L","mrp":"1499","dprate":"1499","sale_rate":"929.38","qty":"1","tax(%)":"5","tax(rs)":"44.16"},{"bill_no":"1595","barcode":"80000001006988    ","style_no":"BEYOND-RN","category":"MENS","brand":"NOSTRUM","sub_category":"SWEATSHIRT","color":"CHARCOAL","size":"2XL","mrp":"1599","dprate":"1599","sale_rate":"991.38","qty":"1","tax(%)":"5","tax(rs)":"47.08"},{"bill_no":"1595","barcode":"80000001007347    ","style_no":"NEUTRON-RN","category":"MENS","brand":"NOSTRUM","sub_category":"SWEATSHIRT","color":"AIRFORCE BLUE","size":"2XL","mrp":"1499","dprate":"1499","sale_rate":"929.38","qty":"1","tax(%)":"5","tax(rs)":"44.16"},{"bill_no":"1595","barcode":"80000001006994    ","style_no":"BEYOND-RN","category":"MENS","brand":"NOSTRUM","sub_category":"SWEATSHIRT","color":"B.GREEN","size":"L","mrp":"1599","dprate":"1599","sale_rate":"991.38","qty":"1","tax(%)":"5","tax(rs)":"47.08"},{"bill_no":"1595","barcode":"80000001007329    ","style_no":"NEUTRON-RN","category":"MENS","brand":"NOSTRUM","sub_category":"SWEATSHIRT","color":"OLIVE","size":"L","mrp":"1499","dprate":"1499","sale_rate":"929.38","qty":"1","tax(%)":"5","tax(rs)":"44.16"},{"bill_no":"1595","barcode":"80000001006984    ","style_no":"BEYOND-RN","category":"MENS","brand":"NOSTRUM","sub_category":"SWEATSHIRT","color":"CHARCOAL","size":"S","mrp":"1599","dprate":"1599","sale_rate":"991.38","qty":"1","tax(%)":"5","tax(rs)":"47.08"},{"bill_no":"1595","barcode":"80000001009775    ","style_no":"ATHENA-RN","category":"MENS","brand":"NOSTRUM","sub_category":"SWEATSHIRT","color":"PEACH","size":"3XL","mrp":"1599","dprate":"1599","sale_rate":"991.38","qty":"1","tax(%)":"5","tax(rs)":"47.08"},{"bill_no":"1595","barcode":"80000001007346    ","style_no":"NEUTRON-RN","category":"MENS","brand":"NOSTRUM","sub_category":"SWEATSHIRT","color":"AIRFORCE BLUE","size":"XL","mrp":"1499","dprate":"1499","sale_rate":"929.38","qty":"1","tax(%)":"5","tax(rs)":"44.16"},{"bill_no":"1595","barcode":"80000001007337    ","style_no":"NEUTRON-RN","category":"MENS","brand":"NOSTRUM","sub_category":"SWEATSHIRT","color":"BLACK","size":"L","mrp":"1499","dprate":"1499","sale_rate":"929.38","qty":"1","tax(%)":"5","tax(rs)":"44.16"},{"bill_no":"1595","barcode":"80000001009772    ","style_no":"ATHENA-RN","category":"MENS","brand":"NOSTRUM","sub_category":"SWEATSHIRT","color":"PEACH","size":"L","mrp":"1499","dprate":"1499","sale_rate":"929.38","qty":"1","tax(%)":"5","tax(rs)":"44.16"},{"bill_no":"1595","barcode":"80000001007316    ","style_no":"NEUTRON-RN","category":"MENS","brand":"NOSTRUM","sub_category":"SWEATSHIRT","color":"BEIGE","size":"3XL","mrp":"1599","dprate":"1599","sale_rate":"991.38","qty":"1","tax(%)":"5","tax(rs)":"47.08"},{"bill_no":"1595","barcode":"80000001009774    ","style_no":"ATHENA-RN","category":"MENS","brand":"NOSTRUM","sub_category":"SWEATSHIRT","color":"PEACH","size":"2XL","mrp":"1499","dprate":"1499","sale_rate":"929.38","qty":"1","tax(%)":"5","tax(rs)":"44.16"},{"bill_no":"1595","barcode":"80000001006986    ","style_no":"BEYOND-RN","category":"MENS","brand":"NOSTRUM","sub_category":"SWEATSHIRT","color":"CHARCOAL","size":"L","mrp":"1599","dprate":"1599","sale_rate":"991.38","qty":"1","tax(%)":"5","tax(rs)":"47.08"},{"bill_no":"1595","barcode":"80000001009628    ","style_no":"BREVIS-RN","category":"MENS","brand":"NOSTRUM","sub_category":"SWEATSHIRT","color":"MUSTARD","size":"L","mrp":"1799","dprate":"1799","sale_rate":"1115.38","qty":"1","tax(%)":"12","tax(rs)":"127.16"},{"bill_no":"1595","barcode":"8000000991406    ","style_no":"SUPERIOR","category":"MENS","brand":"NOSTRUM","sub_category":"HOODIE","color":"BLACK","size":"M","mrp":"1499","dprate":"1499","sale_rate":"929.38","qty":"2","tax(%)":"5","tax(rs)":"88.28"},{"bill_no":"1595","barcode":"80000001007331    ","style_no":"NEUTRON-RN","category":"MENS","brand":"NOSTRUM","sub_category":"SWEATSHIRT","color":"OLIVE","size":"2XL","mrp":"1499","dprate":"1499","sale_rate":"929.38","qty":"1","tax(%)":"5","tax(rs)":"44.16"},{"bill_no":"1595","barcode":"80000001006985    ","style_no":"BEYOND-RN","category":"MENS","brand":"NOSTRUM","sub_category":"SWEATSHIRT","color":"CHARCOAL","size":"M","mrp":"1599","dprate":"1599","sale_rate":"991.38","qty":"1","tax(%)":"5","tax(rs)":"47.08"},{"bill_no":"1595","barcode":"80000001007315    ","style_no":"NEUTRON-RN","category":"MENS","brand":"NOSTRUM","sub_category":"SWEATSHIRT","color":"BEIGE","size":"2XL","mrp":"1499","dprate":"1499","sale_rate":"929.38","qty":"1","tax(%)":"5","tax(rs)":"44.16"},{"bill_no":"1595","barcode":"80000001009780    ","style_no":"ATHENA-RN","category":"MENS","brand":"NOSTRUM","sub_category":"SWEATSHIRT","color":"WHITE","size":"L","mrp":"1499","dprate":"1499","sale_rate":"929.38","qty":"1","tax(%)":"5","tax(rs)":"44.16"},{"bill_no":"1595","barcode":"80000001009783    ","style_no":"ATHENA-RN","category":"MENS","brand":"NOSTRUM","sub_category":"SWEATSHIRT","color":"WHITE","size":"3XL","mrp":"1599","dprate":"1599","sale_rate":"991.38","qty":"1","tax(%)":"5","tax(rs)":"47.08"},{"bill_no":"1595","barcode":"80000001006996    ","style_no":"BEYOND-RN","category":"MENS","brand":"NOSTRUM","sub_category":"SWEATSHIRT","color":"B.GREEN","size":"2XL","mrp":"1599","dprate":"1599","sale_rate":"991.38","qty":"1","tax(%)":"5","tax(rs)":"47.08"},{"bill_no":"1595","barcode":"80000001009781    ","style_no":"ATHENA-RN","category":"MENS","brand":"NOSTRUM","sub_category":"SWEATSHIRT","color":"WHITE","size":"XL","mrp":"1499","dprate":"1499","sale_rate":"929.38","qty":"1","tax(%)":"5","tax(rs)":"44.16"},{"bill_no":"1595","barcode":"80000001009782    ","style_no":"ATHENA-RN","category":"MENS","brand":"NOSTRUM","sub_category":"SWEATSHIRT","color":"WHITE","size":"2XL","mrp":"1499","dprate":"1499","sale_rate":"929.38","qty":"1","tax(%)":"5","tax(rs)":"44.16"},{"bill_no":"1595","barcode":"80000001006800    ","style_no":"CROSS-RN","category":"MENS","brand":"NOSTRUM","sub_category":"SWEATSHIRT","color":"GREY","size":"XL","mrp":"1599","dprate":"1599","sale_rate":"991.38","qty":"1","tax(%)":"5","tax(rs)":"47.08"},{"bill_no":"1595","barcode":"80000001006157    ","style_no":"ODD -RN","category":"MENS","brand":"NOSTRUM","sub_category":"SWEATSHIRT","color":"OLIVE","size":"XL","mrp":"1599","dprate":"1599","sale_rate":"991.38","qty":"1","tax(%)":"5","tax(rs)":"47.08"},{"bill_no":"1595","barcode":"8000000991409    ","style_no":"SUPERIOR","category":"MENS","brand":"NOSTRUM","sub_category":"HOODIE","color":"BLACK","size":"2XL","mrp":"1499","dprate":"1499","sale_rate":"929.38","qty":"1","tax(%)":"5","tax(rs)":"44.16"},{"bill_no":"1595","barcode":"80000001006156    ","style_no":"ODD -RN","category":"MENS","brand":"NOSTRUM","sub_category":"SWEATSHIRT","color":"OLIVE","size":"L","mrp":"1599","dprate":"1599","sale_rate":"991.38","qty":"1","tax(%)":"5","tax(rs)":"47.08"},{"bill_no":"1595","barcode":"80000001009629    ","style_no":"BREVIS-RN","category":"MENS","brand":"NOSTRUM","sub_category":"SWEATSHIRT","color":"MUSTARD","size":"XL","mrp":"1799","dprate":"1799","sale_rate":"1115.38","qty":"1","tax(%)":"12","tax(rs)":"127.16"},{"bill_no":"1595","barcode":"80000001007340    ","style_no":"NEUTRON-RN","category":"MENS","brand":"NOSTRUM","sub_category":"SWEATSHIRT","color":"BLACK","size":"3XL","mrp":"1599","dprate":"1599","sale_rate":"991.38","qty":"1","tax(%)":"5","tax(rs)":"47.08"},{"bill_no":"1595","barcode":"8000000991408    ","style_no":"SUPERIOR","category":"MENS","brand":"NOSTRUM","sub_category":"HOODIE","color":"BLACK","size":"XL","mrp":"1499","dprate":"1499","sale_rate":"929.38","qty":"1","tax(%)":"5","tax(rs)":"44.16"},{"bill_no":"1595","barcode":"80000001007312    ","style_no":"NEUTRON-RN","category":"MENS","brand":"NOSTRUM","sub_category":"SWEATSHIRT","color":"BEIGE","size":"M","mrp":"1499","dprate":"1499","sale_rate":"929.38","qty":"1","tax(%)":"5","tax(rs)":"44.16"},{"bill_no":"1595","barcode":"80000001009773    ","style_no":"ATHENA-RN","category":"MENS","brand":"NOSTRUM","sub_category":"SWEATSHIRT","color":"PEACH","size":"XL","mrp":"1499","dprate":"1499","sale_rate":"929.38","qty":"1","tax(%)":"5","tax(rs)":"44.16"},{"bill_no":"1595","barcode":"80000001007330    ","style_no":"NEUTRON-RN","category":"MENS","brand":"NOSTRUM","sub_category":"SWEATSHIRT","color":"OLIVE","size":"XL","mrp":"1499","dprate":"1499","sale_rate":"929.38","qty":"1","tax(%)":"5","tax(rs)":"44.16"},{"bill_no":"1595","barcode":"8000000991407    ","style_no":"SUPERIOR","category":"MENS","brand":"NOSTRUM","sub_category":"HOODIE","color":"BLACK","size":"L","mrp":"1499","dprate":"1499","sale_rate":"929.38","qty":"1","tax(%)":"5","tax(rs)":"44.16"},{"bill_no":"1595","barcode":"80000001007339    ","style_no":"NEUTRON-RN","category":"MENS","brand":"NOSTRUM","sub_category":"SWEATSHIRT","color":"BLACK","size":"2XL","mrp":"1499","dprate":"1499","sale_rate":"929.38","qty":"1","tax(%)":"5","tax(rs)":"44.16"},{"bill_no":"1595","barcode":"80000001009630    ","style_no":"BREVIS-RN","category":"MENS","brand":"NOSTRUM","sub_category":"SWEATSHIRT","color":"MUSTARD","size":"2XL","mrp":"1799","dprate":"1799","sale_rate":"1115.38","qty":"1","tax(%)":"12","tax(rs)":"127.16"},{"bill_no":"1595","barcode":"80000001009779    ","style_no":"ATHENA-RN","category":"MENS","brand":"NOSTRUM","sub_category":"SWEATSHIRT","color":"WHITE","size":"M","mrp":"1499","dprate":"1499","sale_rate":"929.38","qty":"1","tax(%)":"5","tax(rs)":"44.16"},{"bill_no":"1595","barcode":"80000001006993    ","style_no":"BEYOND-RN","category":"MENS","brand":"NOSTRUM","sub_category":"SWEATSHIRT","color":"B.GREEN","size":"M","mrp":"1599","dprate":"1599","sale_rate":"991.38","qty":"1","tax(%)":"5","tax(rs)":"47.08"},{"bill_no":"1595","barcode":"80000001007321    ","style_no":"NEUTRON-RN","category":"MENS","brand":"NOSTRUM","sub_category":"SWEATSHIRT","color":"LEMON","size":"L","mrp":"1499","dprate":"1499","sale_rate":"929.38","qty":"1","tax(%)":"5","tax(rs)":"44.16"},{"bill_no":"1595","barcode":"80000001007320    ","style_no":"NEUTRON-RN","category":"MENS","brand":"NOSTRUM","sub_category":"SWEATSHIRT","color":"LEMON","size":"M","mrp":"1499","dprate":"1499","sale_rate":"929.38","qty":"1","tax(%)":"5","tax(rs)":"44.16"},{"bill_no":"1595","barcode":"80000001007323    ","style_no":"NEUTRON-RN","category":"MENS","brand":"NOSTRUM","sub_category":"SWEATSHIRT","color":"LEMON","size":"2XL","mrp":"1499","dprate":"1499","sale_rate":"929.38","qty":"1","tax(%)":"5","tax(rs)":"44.16"},{"bill_no":"1595","barcode":"80000001006791    ","style_no":"CROSS-RN","category":"MENS","brand":"NOSTRUM","sub_category":"SWEATSHIRT","color":"KHAKI","size":"L","mrp":"1599","dprate":"1599","sale_rate":"991.38","qty":"1","tax(%)":"5","tax(rs)":"47.08"},{"bill_no":"1595","barcode":"80000001007416    ","style_no":"BREVIS-RN","category":"MENS","brand":"NOSTRUM","sub_category":"SWEATSHIRT","color":"BLACK","size":"M","mrp":"1799","dprate":"1799","sale_rate":"1115.38","qty":"1","tax(%)":"12","tax(rs)":"127.16"},{"bill_no":"1595","barcode":"80000001007328    ","style_no":"NEUTRON-RN","category":"MENS","brand":"NOSTRUM","sub_category":"SWEATSHIRT","color":"OLIVE","size":"M","mrp":"1499","dprate":"1499","sale_rate":"929.38","qty":"1","tax(%)":"5","tax(rs)":"44.16"},{"bill_no":"1595","barcode":"80000001006155    ","style_no":"ODD -RN","category":"MENS","brand":"NOSTRUM","sub_category":"SWEATSHIRT","color":"OLIVE","size":"M","mrp":"1599","dprate":"1599","sale_rate":"991.38","qty":"1","tax(%)":"5","tax(rs)":"47.08"},{"bill_no":"1595","barcode":"80000001006792    ","style_no":"CROSS-RN","category":"MENS","brand":"NOSTRUM","sub_category":"SWEATSHIRT","color":"KHAKI","size":"XL","mrp":"1599","dprate":"1599","sale_rate":"991.38","qty":"1","tax(%)":"5","tax(rs)":"47.08"},{"bill_no":"1595","barcode":"80000001007322    ","style_no":"NEUTRON-RN","category":"MENS","brand":"NOSTRUM","sub_category":"SWEATSHIRT","color":"LEMON","size":"XL","mrp":"1499","dprate":"1499","sale_rate":"929.38","qty":"1","tax(%)":"5","tax(rs)":"44.16"},{"bill_no":"1595","barcode":"80000001007314    ","style_no":"NEUTRON-RN","category":"MENS","brand":"NOSTRUM","sub_category":"SWEATSHIRT","color":"BEIGE","size":"XL","mrp":"1499","dprate":"1499","sale_rate":"929.38","qty":"1","tax(%)":"5","tax(rs)":"44.16"},{"bill_no":"1595","barcode":"80000001007336    ","style_no":"NEUTRON-RN","category":"MENS","brand":"NOSTRUM","sub_category":"SWEATSHIRT","color":"BLACK","size":"M","mrp":"1499","dprate":"1499","sale_rate":"929.38","qty":"1","tax(%)":"5","tax(rs)":"44.16"},{"bill_no":"1595","barcode":"80000001007338    ","style_no":"NEUTRON-RN","category":"MENS","brand":"NOSTRUM","sub_category":"SWEATSHIRT","color":"BLACK","size":"XL","mrp":"1499","dprate":"1499","sale_rate":"929.38","qty":"1","tax(%)":"5","tax(rs)":"44.16"},{"bill_no":"1595","barcode":"80000001007408    ","style_no":"BREVIS-RN","category":"MENS","brand":"NOSTRUM","sub_category":"SWEATSHIRT","color":"D.GREY","size":"M","mrp":"1799","dprate":"1799","sale_rate":"1115.38","qty":"1","tax(%)":"12","tax(rs)":"127.16"},{"bill_no":"1595","barcode":"80000001007409    ","style_no":"BREVIS-RN","category":"MENS","brand":"NOSTRUM","sub_category":"SWEATSHIRT","color":"D.GREY","size":"L","mrp":"1799","dprate":"1799","sale_rate":"1115.38","qty":"1","tax(%)":"12","tax(rs)":"127.16"},{"bill_no":"1595","barcode":"80000001006798    ","style_no":"CROSS-RN","category":"MENS","brand":"NOSTRUM","sub_category":"SWEATSHIRT","color":"GREY","size":"M","mrp":"1599","dprate":"1599","sale_rate":"991.38","qty":"1","tax(%)":"5","tax(rs)":"47.08"},{"bill_no":"1595","barcode":"80000001006790    ","style_no":"CROSS-RN","category":"MENS","brand":"NOSTRUM","sub_category":"SWEATSHIRT","color":"KHAKI","size":"M","mrp":"1599","dprate":"1599","sale_rate":"991.38","qty":"1","tax(%)":"5","tax(rs)":"47.08"},{"bill_no":"1595","barcode":"80000001007344    ","style_no":"NEUTRON-RN","category":"MENS","brand":"NOSTRUM","sub_category":"SWEATSHIRT","color":"AIRFORCE BLUE","size":"M","mrp":"1499","dprate":"1499","sale_rate":"929.38","qty":"1","tax(%)":"5","tax(rs)":"44.16"},{"bill_no":"1595","barcode":"80000001007417    ","style_no":"BREVIS-RN","category":"MENS","brand":"NOSTRUM","sub_category":"SWEATSHIRT","color":"BLACK","size":"L","mrp":"1799","dprate":"1799","sale_rate":"1115.38","qty":"1","tax(%)":"12","tax(rs)":"127.16"},{"bill_no":"1595","barcode":"80000001007345    ","style_no":"NEUTRON-RN","category":"MENS","brand":"NOSTRUM","sub_category":"SWEATSHIRT","color":"AIRFORCE BLUE","size":"L","mrp":"1499","dprate":"1499","sale_rate":"929.38","qty":"1","tax(%)":"5","tax(rs)":"44.16"},{"bill_no":"1595","barcode":"80000001007420    ","style_no":"BREVIS-RN","category":"MENS","brand":"NOSTRUM","sub_category":"SWEATSHIRT","color":"BLACK","size":"3XL","mrp":"1899","dprate":"1899","sale_rate":"1177.38","qty":"1","tax(%)":"12","tax(rs)":"134.22"},{"bill_no":"1595","barcode":"80000001006799    ","style_no":"CROSS-RN","category":"MENS","brand":"NOSTRUM","sub_category":"SWEATSHIRT","color":"GREY","size":"L","mrp":"1599","dprate":"1599","sale_rate":"991.38","qty":"1","tax(%)":"5","tax(rs)":"47.08"},{"bill_no":"1595","barcode":"80000001006995    ","style_no":"BEYOND-RN","category":"MENS","brand":"NOSTRUM","sub_category":"SWEATSHIRT","color":"B.GREEN","size":"XL","mrp":"1599","dprate":"1599","sale_rate":"991.38","qty":"1","tax(%)":"5","tax(rs)":"47.08"},{"bill_no":"1595","barcode":"80000001006987    ","style_no":"BEYOND-RN","category":"MENS","brand":"NOSTRUM","sub_category":"SWEATSHIRT","color":"CHARCOAL","size":"XL","mrp":"1599","dprate":"1599","sale_rate":"991.38","qty":"1","tax(%)":"5","tax(rs)":"47.08"},{"bill_no":"1595","barcode":"80000001007419    ","style_no":"BREVIS-RN","category":"MENS","brand":"NOSTRUM","sub_category":"SWEATSHIRT","color":"BLACK","size":"2XL","mrp":"1799","dprate":"1799","sale_rate":"1115.38","qty":"1","tax(%)":"12","tax(rs)":"127.16"},{"bill_no":"1595","barcode":"80000001007332    ","style_no":"NEUTRON-RN","category":"MENS","brand":"NOSTRUM","sub_category":"SWEATSHIRT","color":"OLIVE","size":"3XL","mrp":"1599","dprate":"1599","sale_rate":"991.38","qty":"1","tax(%)":"5","tax(rs)":"47.08"},{"bill_no":"1595","barcode":"80000001007410    ","style_no":"BREVIS-RN","category":"MENS","brand":"NOSTRUM","sub_category":"SWEATSHIRT","color":"D.GREY","size":"XL","mrp":"1799","dprate":"1799","sale_rate":"1115.38","qty":"1","tax(%)":"12","tax(rs)":"127.16"},{"bill_no":"1595","barcode":"80000001009631    ","style_no":"BREVIS-RN","category":"MENS","brand":"NOSTRUM","sub_category":"SWEATSHIRT","color":"MUSTARD","size":"3XL","mrp":"1899","dprate":"1899","sale_rate":"1177.38","qty":"1","tax(%)":"12","tax(rs)":"134.22"},{"bill_no":"1595","barcode":"80000001009627    ","style_no":"BREVIS-RN","category":"MENS","brand":"NOSTRUM","sub_category":"SWEATSHIRT","color":"MUSTARD","size":"M","mrp":"1799","dprate":"1799","sale_rate":"1115.38","qty":"1","tax(%)":"12","tax(rs)":"127.16"},{"bill_no":"1595","barcode":"80000001007418    ","style_no":"BREVIS-RN","category":"MENS","brand":"NOSTRUM","sub_category":"SWEATSHIRT","color":"BLACK","size":"XL","mrp":"1799","dprate":"1799","sale_rate":"1115.38","qty":"1","tax(%)":"12","tax(rs)":"127.16"},{"bill_no":"1595","barcode":"80000001005278    ","style_no":"WESSON-SF","category":"MENS","brand":"NOSTRUM","sub_category":"JACKET","color":"WHITE","size":"L","mrp":"2999","dprate":"2999","sale_rate":"1859.38","qty":"1","tax(%)":"12","tax(rs)":"211.96"},{"bill_no":"1595","barcode":"80000001005277    ","style_no":"WESSON-SF","category":"MENS","brand":"NOSTRUM","sub_category":"JACKET","color":"WHITE","size":"M","mrp":"2999","dprate":"2999","sale_rate":"1859.38","qty":"1","tax(%)":"12","tax(rs)":"211.96"},{"bill_no":"1595","barcode":"80000001005279    ","style_no":"WESSON-SF","category":"MENS","brand":"NOSTRUM","sub_category":"JACKET","color":"WHITE","size":"XL","mrp":"2999","dprate":"2999","sale_rate":"1859.38","qty":"1","tax(%)":"12","tax(rs)":"211.96"},{"bill_no":"1595","barcode":"80000001005280    ","style_no":"WESSON-SF","category":"MENS","brand":"NOSTRUM","sub_category":"JACKET","color":"WHITE","size":"2XL","mrp":"2999","dprate":"2999","sale_rate":"1859.38","qty":"1","tax(%)":"12","tax(rs)":"211.96"},{"bill_no":"1595","barcode":"80000001005281    ","style_no":"WESSON-SF","category":"MENS","brand":"NOSTRUM","sub_category":"JACKET","color":"WHITE","size":"3XL","mrp":"3099","dprate":"3099","sale_rate":"1921.38","qty":"1","tax(%)":"12","tax(rs)":"219.04"}]