Bill No,BarcodeNo,Style No,Category,Brand,Sub Category,Color,Size,MRP,DPRate,Sale Rate,Qty,Tax(%),Tax(Rs)
1595,8E+13,AUCKLAND-RN,MENSS,NOSTRUM,SWEATSHIRT,L.GREY,XL,1599,1599,991.38,1,5,47.08
1595,8E+13,AUCKLAND-RN,MENS,NOSTRUM,SWEATSHIRT,L.GREY,L,1599,1599,991.38,1,5,47.08
1595,8E+13,AUCKLAND-RN,MENS,NOSTRUM,SWEATSHIRT,L.GREY,M,1599,1599,991.38,1,5,47.08
1595,8E+13,ATHENA-RN,MENS,NOSTRUM,SWEATSHIRT,PEACH,M,1499,1499,929.38,1,5,44.16
1595,8E+13,BREVIS-RN,MENS,NOSTRUM,SWEATSHIRT,D.GREY,3XL,1899,1899,1177.38,1,12,134.22
1595,8E+13,NEUTRON-RN,MENS,NOSTRUM,SWEATSHIRT,BEIGE,L,1499,1499,929.38,1,5,44.16
1595,8E+13,BEYOND-RN,MENS,NOSTRUM,SWEATSHIRT,CHARCOAL,2XL,1599,1599,991.38,1,5,47.08
1595,8E+13,NEUTRON-RN,MENS,NOSTRUM,SWEATSHIRT,AIRFORCE BLUE,2XL,1499,1499,929.38,1,5,44.16
1595,8E+13,BEYOND-RN,MENS,NOSTRUM,SWEATSHIRT,B.GREEN,L,1599,1599,991.38,1,5,47.08
1595,8E+13,NEUTRON-RN,MENS,NOSTRUM,SWEATSHIRT,OLIVE,L,1499,1499,929.38,1,5,44.16
1595,8E+13,BEYOND-RN,MENS,NOSTRUM,SWEATSHIRT,CHARCOAL,S,1599,1599,991.38,1,5,47.08
1595,8E+13,ATHENA-RN,MENS,NOSTRUM,SWEATSHIRT,PEACH,3XL,1599,1599,991.38,1,5,47.08
1595,8E+13,NEUTRON-RN,MENS,NOSTRUM,SWEATSHIRT,AIRFORCE BLUE,XL,1499,1499,929.38,1,5,44.16
1595,8E+13,NEUTRON-RN,MENS,NOSTRUM,SWEATSHIRT,BLACK,L,1499,1499,929.38,1,5,44.16
1595,8E+13,ATHENA-RN,MENS,NOSTRUM,SWEATSHIRT,PEACH,L,1499,1499,929.38,1,5,44.16
1595,8E+13,NEUTRON-RN,MENS,NOSTRUM,SWEATSHIRT,BEIGE,3XL,1599,1599,991.38,1,5,47.08
1595,8E+13,ATHENA-RN,MENS,NOSTRUM,SWEATSHIRT,PEACH,2XL,1499,1499,929.38,1,5,44.16
1595,8E+13,BEYOND-RN,MENS,NOSTRUM,SWEATSHIRT,CHARCOAL,L,1599,1599,991.38,1,5,47.08
1595,8E+13,BREVIS-RN,MENS,NOSTRUM,SWEATSHIRT,MUSTARD,L,1799,1799,1115.38,1,12,127.16
1595,8E+12,SUPERIOR,MENS,NOSTRUM,HOODIE,BLACK,M,1499,1499,929.38,2,5,88.28
1595,8E+13,NEUTRON-RN,MENS,NOSTRUM,SWEATSHIRT,OLIVE,2XL,1499,1499,929.38,1,5,44.16
1595,8E+13,BEYOND-RN,MENS,NOSTRUM,SWEATSHIRT,CHARCOAL,M,1599,1599,991.38,1,5,47.08
1595,8E+13,NEUTRON-RN,MENS,NOSTRUM,SWEATSHIRT,BEIGE,2XL,1499,1499,929.38,1,5,44.16
1595,8E+13,ATHENA-RN,MENS,NOSTRUM,SWEATSHIRT,WHITE,L,1499,1499,929.38,1,5,44.16
1595,8E+13,ATHENA-RN,MENS,NOSTRUM,SWEATSHIRT,WHITE,3XL,1599,1599,991.38,1,5,47.08
1595,8E+13,BEYOND-RN,MENS,NOSTRUM,SWEATSHIRT,B.GREEN,2XL,1599,1599,991.38,1,5,47.08
1595,8E+13,ATHENA-RN,MENS,NOSTRUM,SWEATSHIRT,WHITE,XL,1499,1499,929.38,1,5,44.16
1595,8E+13,ATHENA-RN,MENS,NOSTRUM,SWEATSHIRT,WHITE,2XL,1499,1499,929.38,1,5,44.16
1595,8E+13,CROSS-RN,MENS,NOSTRUM,SWEATSHIRT,GREY,XL,1599,1599,991.38,1,5,47.08
1595,8E+13,ODD -RN,MENS,NOSTRUM,SWEATSHIRT,OLIVE,XL,1599,1599,991.38,1,5,47.08
1595,8E+12,SUPERIOR,MENS,NOSTRUM,HOODIE,BLACK,2XL,1499,1499,929.38,1,5,44.16
1595,8E+13,ODD -RN,MENS,NOSTRUM,SWEATSHIRT,OLIVE,L,1599,1599,991.38,1,5,47.08
1595,8E+13,BREVIS-RN,MENS,NOSTRUM,SWEATSHIRT,MUSTARD,XL,1799,1799,1115.38,1,12,127.16
1595,8E+13,NEUTRON-RN,MENS,NOSTRUM,SWEATSHIRT,BLACK,3XL,1599,1599,991.38,1,5,47.08
1595,8E+12,SUPERIOR,MENS,NOSTRUM,HOODIE,BLACK,XL,1499,1499,929.38,1,5,44.16
1595,8E+13,NEUTRON-RN,MENS,NOSTRUM,SWEATSHIRT,BEIGE,M,1499,1499,929.38,1,5,44.16
1595,8E+13,ATHENA-RN,MENS,NOSTRUM,SWEATSHIRT,PEACH,XL,1499,1499,929.38,1,5,44.16
1595,8E+13,NEUTRON-RN,MENS,NOSTRUM,SWEATSHIRT,OLIVE,XL,1499,1499,929.38,1,5,44.16
1595,8E+12,SUPERIOR,MENS,NOSTRUM,HOODIE,BLACK,L,1499,1499,929.38,1,5,44.16
1595,8E+13,NEUTRON-RN,MENS,NOSTRUM,SWEATSHIRT,BLACK,2XL,1499,1499,929.38,1,5,44.16
1595,8E+13,BREVIS-RN,MENS,NOSTRUM,SWEATSHIRT,MUSTARD,2XL,1799,1799,1115.38,1,12,127.16
1595,8E+13,ATHENA-RN,MENS,NOSTRUM,SWEATSHIRT,WHITE,M,1499,1499,929.38,1,5,44.16
1595,8E+13,BEYOND-RN,MENS,NOSTRUM,SWEATSHIRT,B.GREEN,M,1599,1599,991.38,1,5,47.08
1595,8E+13,NEUTRON-RN,MENS,NOSTRUM,SWEATSHIRT,LEMON,L,1499,1499,929.38,1,5,44.16
1595,8E+13,NEUTRON-RN,MENS,NOSTRUM,SWEATSHIRT,LEMON,M,1499,1499,929.38,1,5,44.16
1595,8E+13,NEUTRON-RN,MENS,NOSTRUM,SWEATSHIRT,LEMON,2XL,1499,1499,929.38,1,5,44.16
1595,8E+13,CROSS-RN,MENS,NOSTRUM,SWEATSHIRT,KHAKI,L,1599,1599,991.38,1,5,47.08
1595,8E+13,BREVIS-RN,MENS,NOSTRUM,SWEATSHIRT,BLACK,M,1799,1799,1115.38,1,12,127.16
1595,8E+13,NEUTRON-RN,MENS,NOSTRUM,SWEATSHIRT,OLIVE,M,1499,1499,929.38,1,5,44.16
1595,8E+13,ODD -RN,MENS,NOSTRUM,SWEATSHIRT,OLIVE,M,1599,1599,991.38,1,5,47.08
1595,8E+13,CROSS-RN,MENS,NOSTRUM,SWEATSHIRT,KHAKI,XL,1599,1599,991.38,1,5,47.08
1595,8E+13,NEUTRON-RN,MENS,NOSTRUM,SWEATSHIRT,LEMON,XL,1499,1499,929.38,1,5,44.16
1595,8E+13,NEUTRON-RN,MENS,NOSTRUM,SWEATSHIRT,BEIGE,XL,1499,1499,929.38,1,5,44.16
1595,8E+13,NEUTRON-RN,MENS,NOSTRUM,SWEATSHIRT,BLACK,M,1499,1499,929.38,1,5,44.16
1595,8E+13,NEUTRON-RN,MENS,NOSTRUM,SWEATSHIRT,BLACK,XL,1499,1499,929.38,1,5,44.16
1595,8E+13,BREVIS-RN,MENS,NOSTRUM,SWEATSHIRT,D.GREY,M,1799,1799,1115.38,1,12,127.16
1595,8E+13,BREVIS-RN,MENS,NOSTRUM,SWEATSHIRT,D.GREY,L,1799,1799,1115.38,1,12,127.16
1595,8E+13,CROSS-RN,MENS,NOSTRUM,SWEATSHIRT,GREY,M,1599,1599,991.38,1,5,47.08
1595,8E+13,CROSS-RN,MENS,NOSTRUM,SWEATSHIRT,KHAKI,M,1599,1599,991.38,1,5,47.08
1595,8E+13,NEUTRON-RN,MENS,NOSTRUM,SWEATSHIRT,AIRFORCE BLUE,M,1499,1499,929.38,1,5,44.16
1595,8E+13,BREVIS-RN,MENS,NOSTRUM,SWEATSHIRT,BLACK,L,1799,1799,1115.38,1,12,127.16
1595,8E+13,NEUTRON-RN,MENS,NOSTRUM,SWEATSHIRT,AIRFORCE BLUE,L,1499,1499,929.38,1,5,44.16
1595,8E+13,BREVIS-RN,MENS,NOSTRUM,SWEATSHIRT,BLACK,3XL,1899,1899,1177.38,1,12,134.22
1595,8E+13,CROSS-RN,MENS,NOSTRUM,SWEATSHIRT,GREY,L,1599,1599,991.38,1,5,47.08
1595,8E+13,BEYOND-RN,MENS,NOSTRUM,SWEATSHIRT,B.GREEN,XL,1599,1599,991.38,1,5,47.08
1595,8E+13,BEYOND-RN,MENS,NOSTRUM,SWEATSHIRT,CHARCOAL,XL,1599,1599,991.38,1,5,47.08
1595,8E+13,BREVIS-RN,MENS,NOSTRUM,SWEATSHIRT,BLACK,2XL,1799,1799,1115.38,1,12,127.16
1595,8E+13,NEUTRON-RN,MENS,NOSTRUM,SWEATSHIRT,OLIVE,3XL,1599,1599,991.38,1,5,47.08
1595,8E+13,BREVIS-RN,MENS,NOSTRUM,SWEATSHIRT,D.GREY,XL,1799,1799,1115.38,1,12,127.16
1595,8E+13,BREVIS-RN,MENS,NOSTRUM,SWEATSHIRT,MUSTARD,3XL,1899,1899,1177.38,1,12,134.22
1595,8E+13,BREVIS-RN,MENS,NOSTRUM,SWEATSHIRT,MUSTARD,M,1799,1799,1115.38,1,12,127.16
1595,8E+13,BREVIS-RN,MENS,NOSTRUM,SWEATSHIRT,BLACK,XL,1799,1799,1115.38,1,12,127.16
1595,8E+13,WESSON-SF,MENS,NOSTRUM,JACKET,WHITE,L,2999,2999,1859.38,1,12,211.96
1595,8E+13,WESSON-SF,MENS,NOSTRUM,JACKET,WHITE,M,2999,2999,1859.38,1,12,211.96
1595,8E+13,WESSON-SF,MENS,NOSTRUM,JACKET,WHITE,XL,2999,2999,1859.38,1,12,211.96
1595,8E+13,WESSON-SF,MENS,NOSTRUM,JACKET,WHITE,2XL,2999,2999,1859.38,1,12,211.96
1595,8E+13,WESSON-SF,MENS,NOSTRUM,JACKET,WHITE,3XL,3099,3099,1921.38,1,12,219.04
