[{"bill_no":"1595","barcodeno":"8E+13","style_no":"AUCKLAND-RN","category":"MENSS","brand":"NOSTRUM","sub_category":"SWEATSHIRT","color":"L.GREY","size":"XL","mrp":"1599","dprate":"1599","sale_rate":"991.38","qty":"1","tax(%)":"5","tax(rs)":"47.08"},{"bill_no":"1595","barcodeno":"8E+13","style_no":"AUCKLAND-RN","category":"MENS","brand":"NOSTRUM","sub_category":"SWEATSHIRT","color":"L.GREY","size":"L","mrp":"1599","dprate":"1599","sale_rate":"991.38","qty":"1","tax(%)":"5","tax(rs)":"47.08"},{"bill_no":"1595","barcodeno":"8E+13","style_no":"AUCKLAND-RN","category":"MENS","brand":"NOSTRUM","sub_category":"SWEATSHIRT","color":"L.GREY","size":"M","mrp":"1599","dprate":"1599","sale_rate":"991.38","qty":"1","tax(%)":"5","tax(rs)":"47.08"},{"bill_no":"1595","barcodeno":"8E+13","style_no":"ATHENA-RN","category":"MENS","brand":"NOSTRUM","sub_category":"SWEATSHIRT","color":"PEACH","size":"M","mrp":"1499","dprate":"1499","sale_rate":"929.38","qty":"1","tax(%)":"5","tax(rs)":"44.16"},{"bill_no":"1595","barcodeno":"8E+13","style_no":"BREVIS-RN","category":"MENS","brand":"NOSTRUM","sub_category":"SWEATSHIRT","color":"D.GREY","size":"3XL","mrp":"1899","dprate":"1899","sale_rate":"1177.38","qty":"1","tax(%)":"12","tax(rs)":"134.22"},{"bill_no":"1595","barcodeno":"8E+13","style_no":"NEUTRON-RN","category":"MENS","brand":"NOSTRUM","sub_category":"SWEATSHIRT","color":"BEIGE","size":"L","mrp":"1499","dprate":"1499","sale_rate":"929.38","qty":"1","tax(%)":"5","tax(rs)":"44.16"},{"bill_no":"1595","barcodeno":"8E+13","style_no":"BEYOND-RN","category":"MENS","brand":"NOSTRUM","sub_category":"SWEATSHIRT","color":"CHARCOAL","size":"2XL","mrp":"1599","dprate":"1599","sale_rate":"991.38","qty":"1","tax(%)":"5","tax(rs)":"47.08"},{"bill_no":"1595","barcodeno":"8E+13","style_no":"NEUTRON-RN","category":"MENS","brand":"NOSTRUM","sub_category":"SWEATSHIRT","color":"AIRFORCE BLUE","size":"2XL","mrp":"1499","dprate":"1499","sale_rate":"929.38","qty":"1","tax(%)":"5","tax(rs)":"44.16"},{"bill_no":"1595","barcodeno":"8E+13","style_no":"BEYOND-RN","category":"MENS","brand":"NOSTRUM","sub_category":"SWEATSHIRT","color":"B.GREEN","size":"L","mrp":"1599","dprate":"1599","sale_rate":"991.38","qty":"1","tax(%)":"5","tax(rs)":"47.08"},{"bill_no":"1595","barcodeno":"8E+13","style_no":"NEUTRON-RN","category":"MENS","brand":"NOSTRUM","sub_category":"SWEATSHIRT","color":"OLIVE","size":"L","mrp":"1499","dprate":"1499","sale_rate":"929.38","qty":"1","tax(%)":"5","tax(rs)":"44.16"},{"bill_no":"1595","barcodeno":"8E+13","style_no":"BEYOND-RN","category":"MENS","brand":"NOSTRUM","sub_category":"SWEATSHIRT","color":"CHARCOAL","size":"S","mrp":"1599","dprate":"1599","sale_rate":"991.38","qty":"1","tax(%)":"5","tax(rs)":"47.08"},{"bill_no":"1595","barcodeno":"8E+13","style_no":"ATHENA-RN","category":"MENS","brand":"NOSTRUM","sub_category":"SWEATSHIRT","color":"PEACH","size":"3XL","mrp":"1599","dprate":"1599","sale_rate":"991.38","qty":"1","tax(%)":"5","tax(rs)":"47.08"},{"bill_no":"1595","barcodeno":"8E+13","style_no":"NEUTRON-RN","category":"MENS","brand":"NOSTRUM","sub_category":"SWEATSHIRT","color":"AIRFORCE BLUE","size":"XL","mrp":"1499","dprate":"1499","sale_rate":"929.38","qty":"1","tax(%)":"5","tax(rs)":"44.16"},{"bill_no":"1595","barcodeno":"8E+13","style_no":"NEUTRON-RN","category":"MENS","brand":"NOSTRUM","sub_category":"SWEATSHIRT","color":"BLACK","size":"L","mrp":"1499","dprate":"1499","sale_rate":"929.38","qty":"1","tax(%)":"5","tax(rs)":"44.16"},{"bill_no":"1595","barcodeno":"8E+13","style_no":"ATHENA-RN","category":"MENS","brand":"NOSTRUM","sub_category":"SWEATSHIRT","color":"PEACH","size":"L","mrp":"1499","dprate":"1499","sale_rate":"929.38","qty":"1","tax(%)":"5","tax(rs)":"44.16"},{"bill_no":"1595","barcodeno":"8E+13","style_no":"NEUTRON-RN","category":"MENS","brand":"NOSTRUM","sub_category":"SWEATSHIRT","color":"BEIGE","size":"3XL","mrp":"1599","dprate":"1599","sale_rate":"991.38","qty":"1","tax(%)":"5","tax(rs)":"47.08"},{"bill_no":"1595","barcodeno":"8E+13","style_no":"ATHENA-RN","category":"MENS","brand":"NOSTRUM","sub_category":"SWEATSHIRT","color":"PEACH","size":"2XL","mrp":"1499","dprate":"1499","sale_rate":"929.38","qty":"1","tax(%)":"5","tax(rs)":"44.16"},{"bill_no":"1595","barcodeno":"8E+13","style_no":"BEYOND-RN","category":"MENS","brand":"NOSTRUM","sub_category":"SWEATSHIRT","color":"CHARCOAL","size":"L","mrp":"1599","dprate":"1599","sale_rate":"991.38","qty":"1","tax(%)":"5","tax(rs)":"47.08"},{"bill_no":"1595","barcodeno":"8E+13","style_no":"BREVIS-RN","category":"MENS","brand":"NOSTRUM","sub_category":"SWEATSHIRT","color":"MUSTARD","size":"L","mrp":"1799","dprate":"1799","sale_rate":"1115.38","qty":"1","tax(%)":"12","tax(rs)":"127.16"},{"bill_no":"1595","barcodeno":"8E+12","style_no":"SUPERIOR","category":"MENS","brand":"NOSTRUM","sub_category":"HOODIE","color":"BLACK","size":"M","mrp":"1499","dprate":"1499","sale_rate":"929.38","qty":"2","tax(%)":"5","tax(rs)":"88.28"},{"bill_no":"1595","barcodeno":"8E+13","style_no":"NEUTRON-RN","category":"MENS","brand":"NOSTRUM","sub_category":"SWEATSHIRT","color":"OLIVE","size":"2XL","mrp":"1499","dprate":"1499","sale_rate":"929.38","qty":"1","tax(%)":"5","tax(rs)":"44.16"},{"bill_no":"1595","barcodeno":"8E+13","style_no":"BEYOND-RN","category":"MENS","brand":"NOSTRUM","sub_category":"SWEATSHIRT","color":"CHARCOAL","size":"M","mrp":"1599","dprate":"1599","sale_rate":"991.38","qty":"1","tax(%)":"5","tax(rs)":"47.08"},{"bill_no":"1595","barcodeno":"8E+13","style_no":"NEUTRON-RN","category":"MENS","brand":"NOSTRUM","sub_category":"SWEATSHIRT","color":"BEIGE","size":"2XL","mrp":"1499","dprate":"1499","sale_rate":"929.38","qty":"1","tax(%)":"5","tax(rs)":"44.16"},{"bill_no":"1595","barcodeno":"8E+13","style_no":"ATHENA-RN","category":"MENS","brand":"NOSTRUM","sub_category":"SWEATSHIRT","color":"WHITE","size":"L","mrp":"1499","dprate":"1499","sale_rate":"929.38","qty":"1","tax(%)":"5","tax(rs)":"44.16"},{"bill_no":"1595","barcodeno":"8E+13","style_no":"ATHENA-RN","category":"MENS","brand":"NOSTRUM","sub_category":"SWEATSHIRT","color":"WHITE","size":"3XL","mrp":"1599","dprate":"1599","sale_rate":"991.38","qty":"1","tax(%)":"5","tax(rs)":"47.08"},{"bill_no":"1595","barcodeno":"8E+13","style_no":"BEYOND-RN","category":"MENS","brand":"NOSTRUM","sub_category":"SWEATSHIRT","color":"B.GREEN","size":"2XL","mrp":"1599","dprate":"1599","sale_rate":"991.38","qty":"1","tax(%)":"5","tax(rs)":"47.08"},{"bill_no":"1595","barcodeno":"8E+13","style_no":"ATHENA-RN","category":"MENS","brand":"NOSTRUM","sub_category":"SWEATSHIRT","color":"WHITE","size":"XL","mrp":"1499","dprate":"1499","sale_rate":"929.38","qty":"1","tax(%)":"5","tax(rs)":"44.16"},{"bill_no":"1595","barcodeno":"8E+13","style_no":"ATHENA-RN","category":"MENS","brand":"NOSTRUM","sub_category":"SWEATSHIRT","color":"WHITE","size":"2XL","mrp":"1499","dprate":"1499","sale_rate":"929.38","qty":"1","tax(%)":"5","tax(rs)":"44.16"},{"bill_no":"1595","barcodeno":"8E+13","style_no":"CROSS-RN","category":"MENS","brand":"NOSTRUM","sub_category":"SWEATSHIRT","color":"GREY","size":"XL","mrp":"1599","dprate":"1599","sale_rate":"991.38","qty":"1","tax(%)":"5","tax(rs)":"47.08"},{"bill_no":"1595","barcodeno":"8E+13","style_no":"ODD -RN","category":"MENS","brand":"NOSTRUM","sub_category":"SWEATSHIRT","color":"OLIVE","size":"XL","mrp":"1599","dprate":"1599","sale_rate":"991.38","qty":"1","tax(%)":"5","tax(rs)":"47.08"},{"bill_no":"1595","barcodeno":"8E+12","style_no":"SUPERIOR","category":"MENS","brand":"NOSTRUM","sub_category":"HOODIE","color":"BLACK","size":"2XL","mrp":"1499","dprate":"1499","sale_rate":"929.38","qty":"1","tax(%)":"5","tax(rs)":"44.16"},{"bill_no":"1595","barcodeno":"8E+13","style_no":"ODD -RN","category":"MENS","brand":"NOSTRUM","sub_category":"SWEATSHIRT","color":"OLIVE","size":"L","mrp":"1599","dprate":"1599","sale_rate":"991.38","qty":"1","tax(%)":"5","tax(rs)":"47.08"},{"bill_no":"1595","barcodeno":"8E+13","style_no":"BREVIS-RN","category":"MENS","brand":"NOSTRUM","sub_category":"SWEATSHIRT","color":"MUSTARD","size":"XL","mrp":"1799","dprate":"1799","sale_rate":"1115.38","qty":"1","tax(%)":"12","tax(rs)":"127.16"},{"bill_no":"1595","barcodeno":"8E+13","style_no":"NEUTRON-RN","category":"MENS","brand":"NOSTRUM","sub_category":"SWEATSHIRT","color":"BLACK","size":"3XL","mrp":"1599","dprate":"1599","sale_rate":"991.38","qty":"1","tax(%)":"5","tax(rs)":"47.08"},{"bill_no":"1595","barcodeno":"8E+12","style_no":"SUPERIOR","category":"MENS","brand":"NOSTRUM","sub_category":"HOODIE","color":"BLACK","size":"XL","mrp":"1499","dprate":"1499","sale_rate":"929.38","qty":"1","tax(%)":"5","tax(rs)":"44.16"},{"bill_no":"1595","barcodeno":"8E+13","style_no":"NEUTRON-RN","category":"MENS","brand":"NOSTRUM","sub_category":"SWEATSHIRT","color":"BEIGE","size":"M","mrp":"1499","dprate":"1499","sale_rate":"929.38","qty":"1","tax(%)":"5","tax(rs)":"44.16"},{"bill_no":"1595","barcodeno":"8E+13","style_no":"ATHENA-RN","category":"MENS","brand":"NOSTRUM","sub_category":"SWEATSHIRT","color":"PEACH","size":"XL","mrp":"1499","dprate":"1499","sale_rate":"929.38","qty":"1","tax(%)":"5","tax(rs)":"44.16"},{"bill_no":"1595","barcodeno":"8E+13","style_no":"NEUTRON-RN","category":"MENS","brand":"NOSTRUM","sub_category":"SWEATSHIRT","color":"OLIVE","size":"XL","mrp":"1499","dprate":"1499","sale_rate":"929.38","qty":"1","tax(%)":"5","tax(rs)":"44.16"},{"bill_no":"1595","barcodeno":"8E+12","style_no":"SUPERIOR","category":"MENS","brand":"NOSTRUM","sub_category":"HOODIE","color":"BLACK","size":"L","mrp":"1499","dprate":"1499","sale_rate":"929.38","qty":"1","tax(%)":"5","tax(rs)":"44.16"},{"bill_no":"1595","barcodeno":"8E+13","style_no":"NEUTRON-RN","category":"MENS","brand":"NOSTRUM","sub_category":"SWEATSHIRT","color":"BLACK","size":"2XL","mrp":"1499","dprate":"1499","sale_rate":"929.38","qty":"1","tax(%)":"5","tax(rs)":"44.16"},{"bill_no":"1595","barcodeno":"8E+13","style_no":"BREVIS-RN","category":"MENS","brand":"NOSTRUM","sub_category":"SWEATSHIRT","color":"MUSTARD","size":"2XL","mrp":"1799","dprate":"1799","sale_rate":"1115.38","qty":"1","tax(%)":"12","tax(rs)":"127.16"},{"bill_no":"1595","barcodeno":"8E+13","style_no":"ATHENA-RN","category":"MENS","brand":"NOSTRUM","sub_category":"SWEATSHIRT","color":"WHITE","size":"M","mrp":"1499","dprate":"1499","sale_rate":"929.38","qty":"1","tax(%)":"5","tax(rs)":"44.16"},{"bill_no":"1595","barcodeno":"8E+13","style_no":"BEYOND-RN","category":"MENS","brand":"NOSTRUM","sub_category":"SWEATSHIRT","color":"B.GREEN","size":"M","mrp":"1599","dprate":"1599","sale_rate":"991.38","qty":"1","tax(%)":"5","tax(rs)":"47.08"},{"bill_no":"1595","barcodeno":"8E+13","style_no":"NEUTRON-RN","category":"MENS","brand":"NOSTRUM","sub_category":"SWEATSHIRT","color":"LEMON","size":"L","mrp":"1499","dprate":"1499","sale_rate":"929.38","qty":"1","tax(%)":"5","tax(rs)":"44.16"},{"bill_no":"1595","barcodeno":"8E+13","style_no":"NEUTRON-RN","category":"MENS","brand":"NOSTRUM","sub_category":"SWEATSHIRT","color":"LEMON","size":"M","mrp":"1499","dprate":"1499","sale_rate":"929.38","qty":"1","tax(%)":"5","tax(rs)":"44.16"},{"bill_no":"1595","barcodeno":"8E+13","style_no":"NEUTRON-RN","category":"MENS","brand":"NOSTRUM","sub_category":"SWEATSHIRT","color":"LEMON","size":"2XL","mrp":"1499","dprate":"1499","sale_rate":"929.38","qty":"1","tax(%)":"5","tax(rs)":"44.16"},{"bill_no":"1595","barcodeno":"8E+13","style_no":"CROSS-RN","category":"MENS","brand":"NOSTRUM","sub_category":"SWEATSHIRT","color":"KHAKI","size":"L","mrp":"1599","dprate":"1599","sale_rate":"991.38","qty":"1","tax(%)":"5","tax(rs)":"47.08"},{"bill_no":"1595","barcodeno":"8E+13","style_no":"BREVIS-RN","category":"MENS","brand":"NOSTRUM","sub_category":"SWEATSHIRT","color":"BLACK","size":"M","mrp":"1799","dprate":"1799","sale_rate":"1115.38","qty":"1","tax(%)":"12","tax(rs)":"127.16"},{"bill_no":"1595","barcodeno":"8E+13","style_no":"NEUTRON-RN","category":"MENS","brand":"NOSTRUM","sub_category":"SWEATSHIRT","color":"OLIVE","size":"M","mrp":"1499","dprate":"1499","sale_rate":"929.38","qty":"1","tax(%)":"5","tax(rs)":"44.16"},{"bill_no":"1595","barcodeno":"8E+13","style_no":"ODD -RN","category":"MENS","brand":"NOSTRUM","sub_category":"SWEATSHIRT","color":"OLIVE","size":"M","mrp":"1599","dprate":"1599","sale_rate":"991.38","qty":"1","tax(%)":"5","tax(rs)":"47.08"},{"bill_no":"1595","barcodeno":"8E+13","style_no":"CROSS-RN","category":"MENS","brand":"NOSTRUM","sub_category":"SWEATSHIRT","color":"KHAKI","size":"XL","mrp":"1599","dprate":"1599","sale_rate":"991.38","qty":"1","tax(%)":"5","tax(rs)":"47.08"},{"bill_no":"1595","barcodeno":"8E+13","style_no":"NEUTRON-RN","category":"MENS","brand":"NOSTRUM","sub_category":"SWEATSHIRT","color":"LEMON","size":"XL","mrp":"1499","dprate":"1499","sale_rate":"929.38","qty":"1","tax(%)":"5","tax(rs)":"44.16"},{"bill_no":"1595","barcodeno":"8E+13","style_no":"NEUTRON-RN","category":"MENS","brand":"NOSTRUM","sub_category":"SWEATSHIRT","color":"BEIGE","size":"XL","mrp":"1499","dprate":"1499","sale_rate":"929.38","qty":"1","tax(%)":"5","tax(rs)":"44.16"},{"bill_no":"1595","barcodeno":"8E+13","style_no":"NEUTRON-RN","category":"MENS","brand":"NOSTRUM","sub_category":"SWEATSHIRT","color":"BLACK","size":"M","mrp":"1499","dprate":"1499","sale_rate":"929.38","qty":"1","tax(%)":"5","tax(rs)":"44.16"},{"bill_no":"1595","barcodeno":"8E+13","style_no":"NEUTRON-RN","category":"MENS","brand":"NOSTRUM","sub_category":"SWEATSHIRT","color":"BLACK","size":"XL","mrp":"1499","dprate":"1499","sale_rate":"929.38","qty":"1","tax(%)":"5","tax(rs)":"44.16"},{"bill_no":"1595","barcodeno":"8E+13","style_no":"BREVIS-RN","category":"MENS","brand":"NOSTRUM","sub_category":"SWEATSHIRT","color":"D.GREY","size":"M","mrp":"1799","dprate":"1799","sale_rate":"1115.38","qty":"1","tax(%)":"12","tax(rs)":"127.16"},{"bill_no":"1595","barcodeno":"8E+13","style_no":"BREVIS-RN","category":"MENS","brand":"NOSTRUM","sub_category":"SWEATSHIRT","color":"D.GREY","size":"L","mrp":"1799","dprate":"1799","sale_rate":"1115.38","qty":"1","tax(%)":"12","tax(rs)":"127.16"},{"bill_no":"1595","barcodeno":"8E+13","style_no":"CROSS-RN","category":"MENS","brand":"NOSTRUM","sub_category":"SWEATSHIRT","color":"GREY","size":"M","mrp":"1599","dprate":"1599","sale_rate":"991.38","qty":"1","tax(%)":"5","tax(rs)":"47.08"},{"bill_no":"1595","barcodeno":"8E+13","style_no":"CROSS-RN","category":"MENS","brand":"NOSTRUM","sub_category":"SWEATSHIRT","color":"KHAKI","size":"M","mrp":"1599","dprate":"1599","sale_rate":"991.38","qty":"1","tax(%)":"5","tax(rs)":"47.08"},{"bill_no":"1595","barcodeno":"8E+13","style_no":"NEUTRON-RN","category":"MENS","brand":"NOSTRUM","sub_category":"SWEATSHIRT","color":"AIRFORCE BLUE","size":"M","mrp":"1499","dprate":"1499","sale_rate":"929.38","qty":"1","tax(%)":"5","tax(rs)":"44.16"},{"bill_no":"1595","barcodeno":"8E+13","style_no":"BREVIS-RN","category":"MENS","brand":"NOSTRUM","sub_category":"SWEATSHIRT","color":"BLACK","size":"L","mrp":"1799","dprate":"1799","sale_rate":"1115.38","qty":"1","tax(%)":"12","tax(rs)":"127.16"},{"bill_no":"1595","barcodeno":"8E+13","style_no":"NEUTRON-RN","category":"MENS","brand":"NOSTRUM","sub_category":"SWEATSHIRT","color":"AIRFORCE BLUE","size":"L","mrp":"1499","dprate":"1499","sale_rate":"929.38","qty":"1","tax(%)":"5","tax(rs)":"44.16"},{"bill_no":"1595","barcodeno":"8E+13","style_no":"BREVIS-RN","category":"MENS","brand":"NOSTRUM","sub_category":"SWEATSHIRT","color":"BLACK","size":"3XL","mrp":"1899","dprate":"1899","sale_rate":"1177.38","qty":"1","tax(%)":"12","tax(rs)":"134.22"},{"bill_no":"1595","barcodeno":"8E+13","style_no":"CROSS-RN","category":"MENS","brand":"NOSTRUM","sub_category":"SWEATSHIRT","color":"GREY","size":"L","mrp":"1599","dprate":"1599","sale_rate":"991.38","qty":"1","tax(%)":"5","tax(rs)":"47.08"},{"bill_no":"1595","barcodeno":"8E+13","style_no":"BEYOND-RN","category":"MENS","brand":"NOSTRUM","sub_category":"SWEATSHIRT","color":"B.GREEN","size":"XL","mrp":"1599","dprate":"1599","sale_rate":"991.38","qty":"1","tax(%)":"5","tax(rs)":"47.08"},{"bill_no":"1595","barcodeno":"8E+13","style_no":"BEYOND-RN","category":"MENS","brand":"NOSTRUM","sub_category":"SWEATSHIRT","color":"CHARCOAL","size":"XL","mrp":"1599","dprate":"1599","sale_rate":"991.38","qty":"1","tax(%)":"5","tax(rs)":"47.08"},{"bill_no":"1595","barcodeno":"8E+13","style_no":"BREVIS-RN","category":"MENS","brand":"NOSTRUM","sub_category":"SWEATSHIRT","color":"BLACK","size":"2XL","mrp":"1799","dprate":"1799","sale_rate":"1115.38","qty":"1","tax(%)":"12","tax(rs)":"127.16"},{"bill_no":"1595","barcodeno":"8E+13","style_no":"NEUTRON-RN","category":"MENS","brand":"NOSTRUM","sub_category":"SWEATSHIRT","color":"OLIVE","size":"3XL","mrp":"1599","dprate":"1599","sale_rate":"991.38","qty":"1","tax(%)":"5","tax(rs)":"47.08"},{"bill_no":"1595","barcodeno":"8E+13","style_no":"BREVIS-RN","category":"MENS","brand":"NOSTRUM","sub_category":"SWEATSHIRT","color":"D.GREY","size":"XL","mrp":"1799","dprate":"1799","sale_rate":"1115.38","qty":"1","tax(%)":"12","tax(rs)":"127.16"},{"bill_no":"1595","barcodeno":"8E+13","style_no":"BREVIS-RN","category":"MENS","brand":"NOSTRUM","sub_category":"SWEATSHIRT","color":"MUSTARD","size":"3XL","mrp":"1899","dprate":"1899","sale_rate":"1177.38","qty":"1","tax(%)":"12","tax(rs)":"134.22"},{"bill_no":"1595","barcodeno":"8E+13","style_no":"BREVIS-RN","category":"MENS","brand":"NOSTRUM","sub_category":"SWEATSHIRT","color":"MUSTARD","size":"M","mrp":"1799","dprate":"1799","sale_rate":"1115.38","qty":"1","tax(%)":"12","tax(rs)":"127.16"},{"bill_no":"1595","barcodeno":"8E+13","style_no":"BREVIS-RN","category":"MENS","brand":"NOSTRUM","sub_category":"SWEATSHIRT","color":"BLACK","size":"XL","mrp":"1799","dprate":"1799","sale_rate":"1115.38","qty":"1","tax(%)":"12","tax(rs)":"127.16"},{"bill_no":"1595","barcodeno":"8E+13","style_no":"WESSON-SF","category":"MENS","brand":"NOSTRUM","sub_category":"JACKET","color":"WHITE","size":"L","mrp":"2999","dprate":"2999","sale_rate":"1859.38","qty":"1","tax(%)":"12","tax(rs)":"211.96"},{"bill_no":"1595","barcodeno":"8E+13","style_no":"WESSON-SF","category":"MENS","brand":"NOSTRUM","sub_category":"JACKET","color":"WHITE","size":"M","mrp":"2999","dprate":"2999","sale_rate":"1859.38","qty":"1","tax(%)":"12","tax(rs)":"211.96"},{"bill_no":"1595","barcodeno":"8E+13","style_no":"WESSON-SF","category":"MENS","brand":"NOSTRUM","sub_category":"JACKET","color":"WHITE","size":"XL","mrp":"2999","dprate":"2999","sale_rate":"1859.38","qty":"1","tax(%)":"12","tax(rs)":"211.96"},{"bill_no":"1595","barcodeno":"8E+13","style_no":"WESSON-SF","category":"MENS","brand":"NOSTRUM","sub_category":"JACKET","color":"WHITE","size":"2XL","mrp":"2999","dprate":"2999","sale_rate":"1859.38","qty":"1","tax(%)":"12","tax(rs)":"211.96"},{"bill_no":"1595","barcodeno":"8E+13","style_no":"WESSON-SF","category":"MENS","brand":"NOSTRUM","sub_category":"JACKET","color":"WHITE","size":"3XL","mrp":"3099","dprate":"3099","sale_rate":"1921.38","qty":"1","tax(%)":"12","tax(rs)":"219.04"}]