[{"Bill Date":"07-11-2022 18:59","Bill No":"3001","BarcodeNo":"8.90531E+12","ArticleNo":"MFT-32349-P","Category":"MENS","Brand":"MUFTI","Sub Category":"JEANS","Color":"59-BLUE MID","Size":"34","MRP":"3499","DPRate":"2190.37","Qty":"1","Tax(%)":"12","Tax(Rs)":"262.84"},{"Bill Date":"07-11-2022 18:59","Bill No":"3001","BarcodeNo":"8.90531E+12","ArticleNo":"MFT-32236-P","Category":"MENS","Brand":"MUFTI","Sub Category":"JEANS","Color":"61-BLUE DARK","Size":"34","MRP":"3399","DPRate":"2127.77","Qty":"1","Tax(%)":"12","Tax(Rs)":"255.32"},{"Bill Date":"07-11-2022 18:59","Bill No":"3001","BarcodeNo":"8.90531E+12","ArticleNo":"MFT-28432-P","Category":"MENS","Brand":"MUFTI","Sub Category":"JEANS","Color":"61-BLUE DARK","Size":"34","MRP":"4199","DPRate":"2628.57","Qty":"1","Tax(%)":"12","Tax(Rs)":"315.44"},{"Bill Date":"07-11-2022 18:59","Bill No":"3001","BarcodeNo":"8.90531E+12","ArticleNo":"MFT-28434-P","Category":"MENS","Brand":"MUFTI","Sub Category":"JEANS","Color":"134-BLUE BLACK","Size":"32","MRP":"4299","DPRate":"2691.17","Qty":"1","Tax(%)":"12","Tax(Rs)":"322.94"},{"Bill Date":"07-11-2022 18:59","Bill No":"3001","BarcodeNo":"8.90531E+12","ArticleNo":"MFT-32351-P","Category":"MENS","Brand":"MUFTI","Sub Category":"JEANS","Color":"61-BLUE DARK","Size":"34","MRP":"3499","DPRate":"2190.37","Qty":"1","Tax(%)":"12","Tax(Rs)":"262.84"},{"Bill Date":"07-11-2022 18:59","Bill No":"3001","BarcodeNo":"8.90531E+12","ArticleNo":"MFT-28435-P","Category":"MENS","Brand":"MUFTI","Sub Category":"JEANS","Color":"76-BLACK STONE","Size":"32","MRP":"4299","DPRate":"2691.17","Qty":"1","Tax(%)":"12","Tax(Rs)":"322.94"},{"Bill Date":"07-11-2022 18:59","Bill No":"3001","BarcodeNo":"8.90531E+12","ArticleNo":"MFT-28436-P","Category":"MENS","Brand":"MUFTI","Sub Category":"JEANS","Color":"140-GREY STONE","Size":"32","MRP":"4299","DPRate":"2691.17","Qty":"1","Tax(%)":"12","Tax(Rs)":"322.94"},{"Bill Date":"07-11-2022 18:59","Bill No":"3001","BarcodeNo":"8.90531E+12","ArticleNo":"MFT-32236-P","Category":"MENS","Brand":"MUFTI","Sub Category":"JEANS","Color":"61-BLUE DARK","Size":"32","MRP":"3399","DPRate":"2127.77","Qty":"1","Tax(%)":"12","Tax(Rs)":"255.32"},{"Bill Date":"07-11-2022 18:59","Bill No":"3001","BarcodeNo":"8.90531E+12","ArticleNo":"MFT-28434-P","Category":"MENS","Brand":"MUFTI","Sub Category":"JEANS","Color":"134-BLUE BLACK","Size":"34","MRP":"4299","DPRate":"2691.17","Qty":"1","Tax(%)":"12","Tax(Rs)":"322.94"},{"Bill Date":"07-11-2022 18:59","Bill No":"3001","BarcodeNo":"8.90531E+12","ArticleNo":"MFT-28432-P","Category":"MENS","Brand":"MUFTI","Sub Category":"JEANS","Color":"61-BLUE DARK","Size":"32","MRP":"4199","DPRate":"2628.57","Qty":"1","Tax(%)":"12","Tax(Rs)":"315.44"},{"Bill Date":"07-11-2022 18:59","Bill No":"3001","BarcodeNo":"8.90531E+12","ArticleNo":"MFT-32351-P","Category":"MENS","Brand":"MUFTI","Sub Category":"JEANS","Color":"61-BLUE DARK","Size":"32","MRP":"3499","DPRate":"2190.37","Qty":"1","Tax(%)":"12","Tax(Rs)":"262.84"},{"Bill Date":"07-11-2022 18:59","Bill No":"3001","BarcodeNo":"8.90531E+12","ArticleNo":"MFT-28435-P","Category":"MENS","Brand":"MUFTI","Sub Category":"JEANS","Color":"76-BLACK STONE","Size":"34","MRP":"4299","DPRate":"2691.17","Qty":"1","Tax(%)":"12","Tax(Rs)":"322.94"},{"Bill Date":"07-11-2022 18:59","Bill No":"3001","BarcodeNo":"8.90531E+12","ArticleNo":"MFT-28433-P","Category":"MENS","Brand":"MUFTI","Sub Category":"JEANS","Color":"61-BLUE DARK","Size":"32","MRP":"4299","DPRate":"2691.17","Qty":"1","Tax(%)":"12","Tax(Rs)":"322.94"},{"Bill Date":"07-11-2022 18:59","Bill No":"3001","BarcodeNo":"8.90531E+12","ArticleNo":"MFT-32232-P","Category":"MENS","Brand":"MUFTI","Sub Category":"JEANS","Color":"61-BLUE DARK","Size":"32","MRP":"3399","DPRate":"2127.77","Qty":"1","Tax(%)":"12","Tax(Rs)":"255.32"},{"Bill Date":"07-11-2022 18:59","Bill No":"3001","BarcodeNo":"8.90531E+12","ArticleNo":"MFT-32237-P","Category":"MENS","Brand":"MUFTI","Sub Category":"JEANS","Color":"76-BLACK STONE","Size":"34","MRP":"3499","DPRate":"2190.37","Qty":"1","Tax(%)":"12","Tax(Rs)":"262.84"},{"Bill Date":"07-11-2022 18:59","Bill No":"3001","BarcodeNo":"8.90531E+12","ArticleNo":"MFT-28436-P","Category":"MENS","Brand":"MUFTI","Sub Category":"JEANS","Color":"140-GREY STONE","Size":"34","MRP":"4299","DPRate":"2691.17","Qty":"1","Tax(%)":"12","Tax(Rs)":"322.94"},{"Bill Date":"07-11-2022 18:59","Bill No":"3001","BarcodeNo":"8.90531E+12","ArticleNo":"MFT-32237-P","Category":"MENS","Brand":"MUFTI","Sub Category":"JEANS","Color":"76-BLACK STONE","Size":"32","MRP":"3499","DPRate":"2190.37","Qty":"1","Tax(%)":"12","Tax(Rs)":"262.84"},{"Bill Date":"07-11-2022 18:59","Bill No":"3001","BarcodeNo":"8.90531E+12","ArticleNo":"MFK-9124-P","Category":"MENS","Brand":"MUFTI","Sub Category":"SWEAT SHIRT","Color":"02-WHITE","Size":"  3XL","MRP":"3599","DPRate":"2252.97","Qty":"1","Tax(%)":"12","Tax(Rs)":"270.36"},{"Bill Date":"07-11-2022 18:59","Bill No":"3001","BarcodeNo":"8.90531E+12","ArticleNo":"MFK-9124-P","Category":"MENS","Brand":"MUFTI","Sub Category":"SWEAT SHIRT","Color":"02-WHITE","Size":"   XL","MRP":"3399","DPRate":"2127.77","Qty":"1","Tax(%)":"12","Tax(Rs)":"255.32"},{"Bill Date":"07-11-2022 18:59","Bill No":"3001","BarcodeNo":"8.90531E+12","ArticleNo":"MFK-9124-P","Category":"MENS","Brand":"MUFTI","Sub Category":"SWEAT SHIRT","Color":"02-WHITE","Size":"   L","MRP":"3399","DPRate":"2127.77","Qty":"1","Tax(%)":"12","Tax(Rs)":"255.32"},{"Bill Date":"07-11-2022 18:59","Bill No":"3001","BarcodeNo":"8.90531E+12","ArticleNo":"MFK-9124-P","Category":"MENS","Brand":"MUFTI","Sub Category":"SWEAT SHIRT","Color":"02-WHITE","Size":"    M","MRP":"3399","DPRate":"2127.77","Qty":"1","Tax(%)":"12","Tax(Rs)":"255.32"},{"Bill Date":"07-11-2022 18:59","Bill No":"3001","BarcodeNo":"8.90531E+12","ArticleNo":"MFK-9124-P","Category":"MENS","Brand":"MUFTI","Sub Category":"SWEAT SHIRT","Color":"02-WHITE","Size":"   XXL","MRP":"3399","DPRate":"2127.77","Qty":"1","Tax(%)":"12","Tax(Rs)":"255.32"},{"Bill Date":"07-11-2022 18:59","Bill No":"3001","BarcodeNo":"8.90531E+12","ArticleNo":"MFJ-1064-P","Category":"MENS","Brand":"MUFTI","Sub Category":"JACKET","Color":"17-OLIVE","Size":"   XXL","MRP":"5899","DPRate":"3692.77","Qty":"1","Tax(%)":"12","Tax(Rs)":"443.12"},{"Bill Date":"07-11-2022 18:59","Bill No":"3001","BarcodeNo":"8.90531E+12","ArticleNo":"MFJ-1064-P","Category":"MENS","Brand":"MUFTI","Sub Category":"JACKET","Color":"17-OLIVE","Size":"    M","MRP":"5899","DPRate":"3692.77","Qty":"1","Tax(%)":"12","Tax(Rs)":"443.12"},{"Bill Date":"07-11-2022 18:59","Bill No":"3001","BarcodeNo":"8.90531E+12","ArticleNo":"MFJ-1064-P","Category":"MENS","Brand":"MUFTI","Sub Category":"JACKET","Color":"17-OLIVE","Size":"  3XL","MRP":"6099","DPRate":"3817.97","Qty":"1","Tax(%)":"12","Tax(Rs)":"458.16"},{"Bill Date":"07-11-2022 18:59","Bill No":"3001","BarcodeNo":"8.90531E+12","ArticleNo":"MFJ-1064-P","Category":"MENS","Brand":"MUFTI","Sub Category":"JACKET","Color":"17-OLIVE","Size":"   L","MRP":"5899","DPRate":"3692.77","Qty":"1","Tax(%)":"12","Tax(Rs)":"443.12"},{"Bill Date":"07-11-2022 18:59","Bill No":"3001","BarcodeNo":"8.90531E+12","ArticleNo":"MFJ-1064-P","Category":"MENS","Brand":"MUFTI","Sub Category":"JACKET","Color":"17-OLIVE","Size":"   XL","MRP":"5899","DPRate":"3692.77","Qty":"1","Tax(%)":"12","Tax(Rs)":"443.12"},{"Bill Date":"","Bill No":"","BarcodeNo":"","ArticleNo":"","Category":"","Brand":"","Sub Category":"","Color":"","Size":"","MRP":"","DPRate":"","Qty":"","Tax(%)":"","Tax(Rs)":""}]